sepal_length,sepal_width,petal_length,petal_width
4.9292927481,3.0211555856,1.661112286,0.4949132576,setosa
5.015463609,2.8888189273,1.2156904844,-0.0217150655,setosa
5.8939586479,3.2998999351,3.8303922762,1.3757055095,versicolor
5.6267275496,2.8981106987,5.2497227638,1.3741075299,versicolor
6.3432026384,2.6680848796,5.8545375916,2.3751735433,virginica
6.8529509419,2.5164635397,4.2143250921,1.7444175658,virginica
